Time,Date / Time,Date,Time,Date UTC,Temp (F),Dwpt (F),Hum (%),Pres (inHg),Wnd Dir,Wnd Deg (deg),Wnd Spd (mph),Wnd Spd Gst (mph),Solr Rad (W/m^2),Cldbs (ft),Prcp Dly (in),Prcp Hrly (in)
2016-08-04 20:05:00,2016-08-04 20:05:00,2016-08-04,20:05,2016-08-05 03:05:00,93.0,48.6,22,29.73,ENE,,0.0,0.0,0.0,10491,0.0,0.0
2016-08-04 20:00:00,2016-08-04 20:00:00,2016-08-04,20:00,2016-08-05 03:00:00,93.4,48.9,22,29.72,NNE,22.5,0.9,2.5,0.0,10514,0.0,0.0
2016-08-04 19:55:00,2016-08-04 19:55:00,2016-08-04,19:55,2016-08-05 02:55:00,93.6,49.1,22,29.73,NNE,22.5,0.2,2.5,2.55,10514,0.0,0.0
2016-08-04 19:50:00,2016-08-04 19:50:00,2016-08-04,19:50,2016-08-05 02:50:00,93.9,49.5,22,29.72,North,0.0,0.2,2.5,6.54,10491,0.0,0.0
2016-08-04 19:45:00,2016-08-04 19:45:00,2016-08-04,19:45,2016-08-05 02:45:00,94.3,48.4,21,29.72,North,0.0,2.0,2.5,15.83,10832,0.0,0.0
2016-08-04 19:40:00,2016-08-04 19:40:00,2016-08-04,19:40,2016-08-05 02:40:00,94.6,48.7,21,29.72,NNW,337.5,1.3,2.5,21.69,10832,0.0,0.0
2016-08-04 19:34:00,2016-08-04 19:34:00,2016-08-04,19:34,2016-08-05 02:34:00,94.8,46.2,19,29.72,North,0.0,4.2,4.9,27.29,11445,0.0,0.0
2016-08-04 19:29:00,2016-08-04 19:29:00,2016-08-04,19:29,2016-08-05 02:29:00,95.2,38.5,14,29.72,North,0.0,4.0,4.9,35.36,13286,0.0,0.0
2016-08-04 19:24:00,2016-08-04 19:24:00,2016-08-04,19:24,2016-08-05 02:24:00,95.4,32.5,11,29.72,North,0.0,2.5,4.9,49.34,14695,0.0,0.0
2016-08-04 19:19:00,2016-08-04 19:19:00,2016-08-04,19:19,2016-08-05 02:19:00,95.4,30.2,10,29.72,East,90.0,2.7,4.9,60.8,15218,0.0,0.0
2016-08-04 19:14:00,2016-08-04 19:14:00,2016-08-04,19:14,2016-08-05 02:14:00,95.5,30.4,10,29.72,North,0.0,2.0,2.5,109.99,15195,0.0,0.0
2016-08-04 19:04:00,2016-08-04 19:04:00,2016-08-04,19:04,2016-08-05 02:04:00,96.1,30.7,10,29.72,North,0.0,2.9,4.9,245.37,15264,0.0,0.0
2016-08-04 18:59:00,2016-08-04 18:59:00,2016-08-04,18:59,2016-08-05 01:59:00,96.1,30.7,10,29.72,NNW,337.5,2.7,4.9,264.97,15264,0.0,0.0
2016-08-04 18:54:00,2016-08-04 18:54:00,2016-08-04,18:54,2016-08-05 01:54:00,96.3,30.9,10,29.72,ENE,67.5,1.8,2.5,283.98,15264,0.0,0.0
2016-08-04 18:49:00,2016-08-04 18:49:00,2016-08-04,18:49,2016-08-05 01:49:00,96.4,31.1,10,29.72,NNW,337.5,3.4,7.4,296.57,15241,0.0,0.0
2016-08-04 18:44:00,2016-08-04 18:44:00,2016-08-04,18:44,2016-08-05 01:44:00,96.6,31.3,10,29.72,NNE,22.5,2.9,4.9,312.99,15241,0.0,0.0
2016-08-04 18:39:00,2016-08-04 18:39:00,2016-08-04,18:39,2016-08-05 01:39:00,96.6,31.3,10,29.72,NNW,337.5,5.8,7.4,343.77,15241,0.0,0.0
2016-08-04 18:34:00,2016-08-04 18:34:00,2016-08-04,18:34,2016-08-05 01:34:00,96.8,31.3,10,29.72,North,0.0,5.8,7.4,355.86,15286,0.0,0.0
2016-08-04 18:29:00,2016-08-04 18:29:00,2016-08-04,18:29,2016-08-05 01:29:00,96.8,31.3,10,29.72,North,0.0,6.7,7.4,373.39,15286,0.0,0.0
2016-08-04 18:24:00,2016-08-04 18:24:00,2016-08-04,18:24,2016-08-05 01:24:00,97.0,31.5,10,29.72,NNW,337.5,4.5,9.8,411.43,15286,0.0,0.0
2016-08-04 18:18:00,2016-08-04 18:18:00,2016-08-04,18:18,2016-08-05 01:18:00,97.0,31.5,10,29.72,NNW,337.5,7.4,7.4,409.44,15286,0.0,0.0
2016-08-04 18:13:00,2016-08-04 18:13:00,2016-08-04,18:13,2016-08-05 01:13:00,97.2,31.6,10,29.72,NNE,22.5,5.8,7.4,417.11,15309,0.0,0.0
2016-08-04 18:08:00,2016-08-04 18:08:00,2016-08-04,18:08,2016-08-05 01:08:00,97.2,31.6,10,29.72,NNE,22.5,2.0,2.5,429.55,15309,0.0,0.0
2016-08-04 18:03:00,2016-08-04 18:03:00,2016-08-04,18:03,2016-08-05 01:03:00,97.2,31.6,10,29.72,North,0.0,1.3,2.5,438.71,15309,0.0,0.0
2016-08-04 17:58:00,2016-08-04 17:58:00,2016-08-04,17:58,2016-08-05 00:58:00,97.2,31.6,10,29.72,NW,315.0,5.8,7.4,456.29,15309,0.0,0.0
2016-08-04 17:53:00,2016-08-04 17:53:00,2016-08-04,17:53,2016-08-05 00:53:00,97.3,31.8,10,29.72,North,0.0,7.4,7.4,463.46,15286,0.0,0.0
2016-08-04 17:48:00,2016-08-04 17:48:00,2016-08-04,17:48,2016-08-05 00:48:00,97.3,31.8,10,29.72,NNW,337.5,6.0,7.4,474.03,15286,0.0,0.0
2016-08-04 17:43:00,2016-08-04 17:43:00,2016-08-04,17:43,2016-08-05 00:43:00,97.5,31.8,10,29.72,NW,315.0,5.1,7.4,482.37,15332,0.0,0.0
2016-08-04 17:38:00,2016-08-04 17:38:00,2016-08-04,17:38,2016-08-05 00:38:00,97.9,32.2,10,29.72,North,0.0,8.1,9.8,487.64,15332,0.0,0.0
2016-08-04 17:33:00,2016-08-04 17:33:00,2016-08-04,17:33,2016-08-05 00:33:00,97.9,32.2,10,29.72,NW,315.0,4.2,4.9,501.63,15332,0.0,0.0
2016-08-04 17:28:00,2016-08-04 17:28:00,2016-08-04,17:28,2016-08-05 00:28:00,98.1,32.4,10,29.72,North,0.0,5.1,7.4,512.9,15332,0.0,0.0
2016-08-04 17:23:00,2016-08-04 17:23:00,2016-08-04,17:23,2016-08-05 00:23:00,98.2,32.4,10,29.73,North,0.0,5.6,7.4,518.17,15355,0.0,0.0
2016-08-04 17:18:00,2016-08-04 17:18:00,2016-08-04,17:18,2016-08-05 00:18:00,98.2,32.4,10,29.72,NNW,337.5,4.2,7.4,529.85,15355,0.0,0.0
2016-08-04 17:13:00,2016-08-04 17:13:00,2016-08-04,17:13,2016-08-05 00:13:00,98.2,32.4,10,29.73,NNW,337.5,4.5,4.9,532.41,15355,0.0,0.0
2016-08-04 17:08:00,2016-08-04 17:08:00,2016-08-04,17:08,2016-08-05 00:08:00,98.1,32.4,10,29.73,North,0.0,6.7,9.8,536.89,15332,0.0,0.0
2016-08-04 17:02:00,2016-08-04 17:02:00,2016-08-04,17:02,2016-08-05 00:02:00,98.1,32.4,10,29.73,ENE,67.5,5.1,7.4,549.64,15332,0.0,0.0
2016-08-04 16:57:00,2016-08-04 16:57:00,2016-08-04,16:57,2016-08-04 23:57:00,98.1,32.4,10,29.73,NE,,0.0,0.0,556.43,15332,0.0,0.0
2016-08-04 16:52:00,2016-08-04 16:52:00,2016-08-04,16:52,2016-08-04 23:52:00,98.1,32.4,10,29.73,NW,315.0,7.4,9.8,563.28,15332,0.0,0.0
2016-08-04 16:50:00,2016-08-04 16:50:00,2016-08-04,16:50,2016-08-04 23:50:00,98.1,32.4,10,29.73,NNW,337.5,2.7,4.9,563.63,15332,0.0,0.0
2016-08-04 16:45:00,2016-08-04 16:45:00,2016-08-04,16:45,2016-08-04 23:45:00,98.1,32.4,10,29.73,NNW,337.5,5.8,7.4,564.74,15332,0.0,0.0
2016-08-04 16:40:00,2016-08-04 16:40:00,2016-08-04,16:40,2016-08-04 23:40:00,98.1,32.4,10,29.73,North,0.0,8.7,9.8,568.93,15332,0.0,0.0
2016-08-04 16:35:00,2016-08-04 16:35:00,2016-08-04,16:35,2016-08-04 23:35:00,98.1,32.4,10,29.73,North,0.0,4.5,4.9,573.89,15332,0.0,0.0
2016-08-04 16:30:00,2016-08-04 16:30:00,2016-08-04,16:30,2016-08-04 23:30:00,98.1,32.4,10,29.73,NNW,337.5,3.6,4.9,580.08,15332,0.0,0.0
2016-08-04 16:25:00,2016-08-04 16:25:00,2016-08-04,16:25,2016-08-04 23:25:00,98.2,32.4,10,29.74,North,0.0,3.6,4.9,584.18,15355,0.0,0.0
2016-08-04 16:20:00,2016-08-04 16:20:00,2016-08-04,16:20,2016-08-04 23:20:00,98.2,32.4,10,29.73,NE,45.0,6.5,9.8,588.63,15355,0.0,0.0
2016-08-04 16:15:00,2016-08-04 16:15:00,2016-08-04,16:15,2016-08-04 23:15:00,98.1,32.4,10,29.74,NNW,337.5,3.6,4.9,592.45,15332,0.0,0.0
2016-08-04 16:10:00,2016-08-04 16:10:00,2016-08-04,16:10,2016-08-04 23:10:00,98.1,32.4,10,29.75,North,0.0,5.1,7.4,595.74,15332,0.0,0.0
2016-08-04 16:05:00,2016-08-04 16:05:00,2016-08-04,16:05,2016-08-04 23:05:00,98.2,32.4,10,29.75,ENE,67.5,0.4,2.5,595.99,15355,0.0,0.0
2016-08-04 16:00:00,2016-08-04 16:00:00,2016-08-04,16:00,2016-08-04 23:00:00,98.1,32.4,10,29.75,NE,45.0,7.4,9.8,608.84,15332,0.0,0.0
2016-08-04 15:55:00,2016-08-04 15:55:00,2016-08-04,15:55,2016-08-04 22:55:00,98.1,32.4,10,29.74,NNW,337.5,8.1,9.8,609.31,15332,0.0,0.0
2016-08-04 15:50:00,2016-08-04 15:50:00,2016-08-04,15:50,2016-08-04 22:50:00,98.1,32.4,10,29.75,NE,45.0,2.9,4.9,613.8,15332,0.0,0.0
2016-08-04 15:45:00,2016-08-04 15:45:00,2016-08-04,15:45,2016-08-04 22:45:00,98.1,32.4,10,29.75,North,0.0,6.0,7.4,617.36,15332,0.0,0.0
2016-08-04 15:40:00,2016-08-04 15:40:00,2016-08-04,15:40,2016-08-04 22:40:00,98.2,32.4,10,29.75,ENE,,0.0,0.0,621.12,15355,0.0,0.0
2016-08-04 15:34:00,2016-08-04 15:34:00,2016-08-04,15:34,2016-08-04 22:34:00,98.2,32.4,10,29.76,NNE,22.5,3.4,4.9,617.58,15355,0.0,0.0
2016-08-04 15:29:00,2016-08-04 15:29:00,2016-08-04,15:29,2016-08-04 22:29:00,98.4,32.5,10,29.75,NNW,337.5,7.4,9.8,630.78,15377,0.0,0.0
2016-08-04 15:24:00,2016-08-04 15:24:00,2016-08-04,15:24,2016-08-04 22:24:00,98.6,32.7,10,29.76,North,0.0,6.0,7.4,632.64,15377,0.0,0.0
2016-08-04 15:19:00,2016-08-04 15:19:00,2016-08-04,15:19,2016-08-04 22:19:00,98.4,32.5,10,29.75,NW,315.0,5.8,7.4,634.6,15377,0.0,0.0
2016-08-04 15:13:00,2016-08-04 15:13:00,2016-08-04,15:13,2016-08-04 22:13:00,98.4,32.5,10,29.76,NNW,337.5,3.6,4.9,638.64,15377,0.0,0.0
2016-08-04 15:08:00,2016-08-04 15:08:00,2016-08-04,15:08,2016-08-04 22:08:00,98.4,32.5,10,29.76,NW,315.0,7.2,9.8,643.22,15377,0.0,0.0
2016-08-04 15:03:00,2016-08-04 15:03:00,2016-08-04,15:03,2016-08-04 22:03:00,98.4,32.5,10,29.76,NNW,337.5,3.6,7.4,647.07,15377,0.0,0.0
2016-08-04 14:57:00,2016-08-04 14:57:00,2016-08-04,14:57,2016-08-04 21:57:00,98.1,32.4,10,29.77,West,270.0,6.5,9.8,645.27,15332,0.0,0.0
2016-08-04 14:52:00,2016-08-04 14:52:00,2016-08-04,14:52,2016-08-04 21:52:00,97.9,32.2,10,29.76,NW,315.0,2.9,4.9,642.4,15332,0.0,0.0
2016-08-04 14:47:00,2016-08-04 14:47:00,2016-08-04,14:47,2016-08-04 21:47:00,97.5,31.8,10,29.77,WSW,247.5,6.7,9.8,643.13,15332,0.0,0.0
2016-08-04 14:42:00,2016-08-04 14:42:00,2016-08-04,14:42,2016-08-04 21:42:00,97.5,31.8,10,29.77,NW,315.0,7.2,9.8,647.64,15332,0.0,0.0
2016-08-04 14:37:00,2016-08-04 14:37:00,2016-08-04,14:37,2016-08-04 21:37:00,97.2,31.6,10,29.77,West,270.0,2.7,4.9,644.26,15309,0.0,0.0
2016-08-04 14:32:00,2016-08-04 14:32:00,2016-08-04,14:32,2016-08-04 21:32:00,96.8,31.3,10,29.77,NNW,337.5,5.8,7.4,640.82,15286,0.0,0.0
2016-08-04 14:26:00,2016-08-04 14:26:00,2016-08-04,14:26,2016-08-04 21:26:00,96.4,31.1,10,29.77,ENE,67.5,0.2,2.5,635.96,15241,0.0,0.0
2016-08-04 14:21:00,2016-08-04 14:21:00,2016-08-04,14:21,2016-08-04 21:21:00,96.4,31.1,10,29.78,North,0.0,4.9,7.4,639.4,15241,0.0,0.0
2016-08-04 14:16:00,2016-08-04 14:16:00,2016-08-04,14:16,2016-08-04 21:16:00,96.3,30.9,10,29.78,NNW,337.5,5.8,7.4,636.87,15264,0.0,0.0
2016-08-04 14:06:00,2016-08-04 14:06:00,2016-08-04,14:06,2016-08-04 21:06:00,95.7,30.6,10,29.79,NE,45.0,4.5,4.9,630.24,15195,0.0,0.0
2016-08-04 14:00:00,2016-08-04 14:00:00,2016-08-04,14:00,2016-08-04 21:00:00,95.7,30.6,10,29.79,NNW,337.5,9.6,12.3,631.79,15195,0.0,0.0
2016-08-04 13:55:00,2016-08-04 13:55:00,2016-08-04,13:55,2016-08-04 20:55:00,95.5,38.8,14,29.79,WSW,247.5,2.5,4.9,628.19,13286,0.0,0.0
2016-08-04 13:50:00,2016-08-04 13:50:00,2016-08-04,13:50,2016-08-04 20:50:00,95.4,43.7,17,29.79,North,0.0,5.6,7.4,627.47,12150,0.0,0.0
2016-08-04 13:45:00,2016-08-04 13:45:00,2016-08-04,13:45,2016-08-04 20:45:00,95.4,48.0,20,29.79,NNE,22.5,0.4,2.5,622.29,11173,0.0,0.0
2016-08-04 13:40:00,2016-08-04 13:40:00,2016-08-04,13:40,2016-08-04 20:40:00,95.2,47.8,20,29.79,NE,45.0,5.1,7.4,618.72,11173,0.0,0.0
2016-08-04 13:35:00,2016-08-04 13:35:00,2016-08-04,13:35,2016-08-04 20:35:00,95.2,36.7,13,29.8,North,0.0,4.2,4.9,621.18,13695,0.0,0.0
2016-08-04 13:30:00,2016-08-04 13:30:00,2016-08-04,13:30,2016-08-04 20:30:00,95.0,47.7,20,29.8,NW,315.0,6.0,7.4,621.97,11150,0.0,0.0
2016-08-04 13:25:00,2016-08-04 13:25:00,2016-08-04,13:25,2016-08-04 20:25:00,94.8,48.9,21,29.8,NNW,337.5,5.8,7.4,620.87,10832,0.0,0.0
2016-08-04 13:20:00,2016-08-04 13:20:00,2016-08-04,13:20,2016-08-04 20:20:00,94.6,48.7,21,29.8,North,0.0,4.2,7.4,622.51,10832,0.0,0.0
2016-08-04 13:15:00,2016-08-04 13:15:00,2016-08-04,13:15,2016-08-04 20:15:00,94.3,48.4,21,29.81,North,0.0,3.4,4.9,616.32,10832,0.0,0.0
2016-08-04 13:10:00,2016-08-04 13:10:00,2016-08-04,13:10,2016-08-04 20:10:00,93.9,48.2,21,29.81,NW,315.0,4.2,4.9,613.8,10786,0.0,0.0
2016-08-04 13:05:00,2016-08-04 13:05:00,2016-08-04,13:05,2016-08-04 20:05:00,93.7,50.4,23,29.81,NW,315.0,4.0,4.9,608.65,10241,0.0,0.0
2016-08-04 13:00:00,2016-08-04 13:00:00,2016-08-04,13:00,2016-08-04 20:00:00,93.4,51.3,24,29.81,SW,225.0,2.0,2.5,606.41,9968,0.0,0.0
2016-08-04 12:54:00,2016-08-04 12:54:00,2016-08-04,12:54,2016-08-04 19:54:00,93.2,52.2,25,29.82,NE,45.0,4.9,7.4,606.22,9718,0.0,0.0
2016-08-04 12:49:00,2016-08-04 12:49:00,2016-08-04,12:49,2016-08-04 19:49:00,93.0,49.8,23,29.81,NNW,337.5,2.9,4.9,607.07,10218,0.0,0.0
2016-08-04 12:44:00,2016-08-04 12:44:00,2016-08-04,12:44,2016-08-04 19:44:00,92.8,52.0,25,29.82,NE,45.0,4.5,4.9,601.07,9673,0.0,0.0
2016-08-04 12:39:00,2016-08-04 12:39:00,2016-08-04,12:39,2016-08-04 19:39:00,92.7,50.7,24,29.82,NW,315.0,2.0,2.5,601.67,9945,0.0,0.0
2016-08-04 12:34:00,2016-08-04 12:34:00,2016-08-04,12:34,2016-08-04 19:34:00,92.5,50.5,24,29.82,NW,315.0,4.9,4.9,607.64,9945,0.0,0.0
2016-08-04 12:29:00,2016-08-04 12:29:00,2016-08-04,12:29,2016-08-04 19:29:00,92.3,51.4,25,29.82,North,0.0,0.4,2.5,604.39,9695,0.0,0.0
2016-08-04 12:24:00,2016-08-04 12:24:00,2016-08-04,12:24,2016-08-04 19:24:00,91.9,52.2,26,29.83,SW,225.0,4.2,4.9,603.95,9423,0.0,0.0
2016-08-04 12:19:00,2016-08-04 12:19:00,2016-08-04,12:19,2016-08-04 19:19:00,91.8,54.1,28,29.82,NE,45.0,1.3,4.9,596.84,8968,0.0,0.0
2016-08-04 12:14:00,2016-08-04 12:14:00,2016-08-04,12:14,2016-08-04 19:14:00,91.6,52.9,27,29.82,North,0.0,3.6,4.9,590.43,9195,0.0,0.0
2016-08-04 12:09:00,2016-08-04 12:09:00,2016-08-04,12:09,2016-08-04 19:09:00,91.4,51.8,26,29.83,NNW,337.5,4.0,4.9,594.06,9400,0.0,0.0
2016-08-04 12:04:00,2016-08-04 12:04:00,2016-08-04,12:04,2016-08-04 19:04:00,91.0,50.4,25,29.83,NNW,337.5,6.0,7.4,585.35,9627,0.0,0.0
2016-08-04 11:59:00,2016-08-04 11:59:00,2016-08-04,11:59,2016-08-04 18:59:00,90.7,54.1,29,29.83,East,90.0,5.6,7.4,571.52,8718,0.0,0.0
2016-08-04 11:54:00,2016-08-04 11:54:00,2016-08-04,11:54,2016-08-04 18:54:00,90.5,53.1,28,29.83,NNW,337.5,0.2,2.5,574.18,8900,0.0,0.0
2016-08-04 11:44:00,2016-08-04 11:44:00,2016-08-04,11:44,2016-08-04 18:44:00,90.3,51.8,27,29.84,North,,0.0,0.0,567.55,9150,0.0,0.0
2016-08-04 11:38:00,2016-08-04 11:38:00,2016-08-04,11:38,2016-08-04 18:38:00,90.1,51.8,27,29.84,North,0.0,5.1,7.4,563.22,9105,0.0,0.0
2016-08-04 11:33:00,2016-08-04 11:33:00,2016-08-04,11:33,2016-08-04 18:33:00,90.7,53.2,28,29.84,North,0.0,1.3,2.5,560.44,8923,0.0,0.0
2016-08-04 11:28:00,2016-08-04 11:28:00,2016-08-04,11:28,2016-08-04 18:28:00,91.0,52.5,27,29.85,NW,315.0,5.1,7.4,559.21,9150,0.0,0.0
2016-08-04 11:23:00,2016-08-04 11:23:00,2016-08-04,11:23,2016-08-04 18:23:00,90.9,53.2,28,29.85,North,0.0,2.5,4.9,554.13,8968,0.0,0.0
2016-08-04 11:18:00,2016-08-04 11:18:00,2016-08-04,11:18,2016-08-04 18:18:00,91.0,53.4,28,29.86,North,0.0,2.0,2.5,552.27,8945,0.0,0.0
2016-08-04 11:13:00,2016-08-04 11:13:00,2016-08-04,11:13,2016-08-04 18:13:00,90.9,52.3,27,29.85,NW,315.0,3.6,4.9,546.8,9173,0.0,0.0
2016-08-04 11:03:00,2016-08-04 11:03:00,2016-08-04,11:03,2016-08-04 18:03:00,89.8,50.4,26,29.85,ESE,,0.0,0.0,540.43,9355,0.0,0.0
2016-08-04 10:58:00,2016-08-04 10:58:00,2016-08-04,10:58,2016-08-04 17:58:00,89.1,49.8,26,29.85,East,,0.0,0.0,531.59,9332,0.0,0.0
2016-08-04 10:53:00,2016-08-04 10:53:00,2016-08-04,10:53,2016-08-04 17:53:00,88.5,50.4,27,29.85,SW,,0.0,0.0,523.88,9059,0.0,0.0
2016-08-04 10:48:00,2016-08-04 10:48:00,2016-08-04,10:48,2016-08-04 17:48:00,88.2,50.0,27,29.85,East,,0.0,0.0,517.32,9082,0.0,0.0
2016-08-04 10:43:00,2016-08-04 10:43:00,2016-08-04,10:43,2016-08-04 17:43:00,87.8,49.8,27,29.85,NNW,,0.0,0.0,511.07,9036,0.0,0.0
2016-08-04 10:38:00,2016-08-04 10:38:00,2016-08-04,10:38,2016-08-04 17:38:00,87.4,49.5,27,29.85,East,,0.0,0.0,505.19,9014,0.0,0.0
2016-08-04 10:33:00,2016-08-04 10:33:00,2016-08-04,10:33,2016-08-04 17:33:00,87.1,51.1,29,29.86,East,,0.0,0.0,494.62,8582,0.0,0.0
2016-08-04 10:28:00,2016-08-04 10:28:00,2016-08-04,10:28,2016-08-04 17:28:00,86.7,51.6,30,29.85,NE,,0.0,0.0,488.46,8377,0.0,0.0
2016-08-04 10:22:00,2016-08-04 10:22:00,2016-08-04,10:22,2016-08-04 17:22:00,86.7,51.6,30,29.86,North,0.0,0.2,2.5,481.67,8377,0.0,0.0
2016-08-04 10:17:00,2016-08-04 10:17:00,2016-08-04,10:17,2016-08-04 17:17:00,86.4,50.4,29,29.85,NNE,,0.0,0.0,473.56,8582,0.0,0.0
2016-08-04 10:12:00,2016-08-04 10:12:00,2016-08-04,10:12,2016-08-04 17:12:00,85.8,50.9,30,29.85,East,90.0,0.2,2.5,459.04,8332,0.0,0.0
2016-08-04 10:07:00,2016-08-04 10:07:00,2016-08-04,10:07,2016-08-04 17:07:00,85.3,50.4,30,29.85,ENE,,0.0,0.0,447.58,8332,0.0,0.0
2016-08-04 10:02:00,2016-08-04 10:02:00,2016-08-04,10:02,2016-08-04 17:02:00,85.1,52.0,32,29.85,East,,0.0,0.0,437.95,7923,0.0,0.0
2016-08-04 09:57:00,2016-08-04 09:57:00,2016-08-04,09:57,2016-08-04 16:57:00,84.9,50.9,31,29.85,NE,45.0,2.5,2.5,430.31,8127,0.0,0.0
2016-08-04 09:52:00,2016-08-04 09:52:00,2016-08-04,09:52,2016-08-04 16:52:00,84.4,51.4,32,29.85,East,,0.0,0.0,417.24,7900,0.0,0.0
2016-08-04 09:47:00,2016-08-04 09:47:00,2016-08-04,09:47,2016-08-04 16:47:00,84.2,52.0,33,29.86,ESE,,0.0,0.0,406.76,7718,0.0,0.0
2016-08-04 09:42:00,2016-08-04 09:42:00,2016-08-04,09:42,2016-08-04 16:42:00,83.8,53.4,35,29.85,ENE,67.5,2.7,4.9,397.1,7309,0.0,0.0
2016-08-04 09:37:00,2016-08-04 09:37:00,2016-08-04,09:37,2016-08-04 16:37:00,83.7,50.7,32,29.86,NE,45.0,0.2,2.5,389.46,7900,0.0,0.0
2016-08-04 09:32:00,2016-08-04 09:32:00,2016-08-04,09:32,2016-08-04 16:32:00,83.3,52.2,34,29.86,East,,0.0,0.0,380.68,7468,0.0,0.0
2016-08-04 09:27:00,2016-08-04 09:27:00,2016-08-04,09:27,2016-08-04 16:27:00,83.3,52.2,34,29.86,ENE,,0.0,0.0,371.93,7468,0.0,0.0
2016-08-04 09:22:00,2016-08-04 09:22:00,2016-08-04,09:22,2016-08-04 16:22:00,83.7,53.2,35,29.86,East,,0.0,0.0,365.75,7332,0.0,0.0
2016-08-04 09:16:00,2016-08-04 09:16:00,2016-08-04,09:16,2016-08-04 16:16:00,83.7,51.6,33,29.86,East,,0.0,0.0,353.28,7695,0.0,0.0
2016-08-04 09:11:00,2016-08-04 09:11:00,2016-08-04,09:11,2016-08-04 16:11:00,83.8,54.1,36,29.86,ENE,,0.0,0.0,341.59,7150,0.0,0.0
2016-08-04 09:06:00,2016-08-04 09:06:00,2016-08-04,09:06,2016-08-04 16:06:00,84.0,53.4,35,29.86,NE,,0.0,0.0,333.39,7355,0.0,0.0
2016-08-04 09:01:00,2016-08-04 09:01:00,2016-08-04,09:01,2016-08-04 16:01:00,84.0,52.7,34,29.86,ENE,,0.0,0.0,324.55,7514,0.0,0.0
2016-08-04 08:56:00,2016-08-04 08:56:00,2016-08-04,08:56,2016-08-04 15:56:00,83.8,52.5,34,29.87,SW,,0.0,0.0,318.67,7514,0.0,0.0
2016-08-04 08:51:00,2016-08-04 08:51:00,2016-08-04,08:51,2016-08-04 15:51:00,83.3,50.4,32,29.86,East,,0.0,0.0,311.57,7877,0.0,0.0
2016-08-04 08:46:00,2016-08-04 08:46:00,2016-08-04,08:46,2016-08-04 15:46:00,82.8,50.0,32,29.86,East,,0.0,0.0,303.71,7855,0.0,0.0
2016-08-04 08:41:00,2016-08-04 08:41:00,2016-08-04,08:41,2016-08-04 15:41:00,81.7,50.7,34,29.86,ESE,,0.0,0.0,300.87,7445,0.0,0.0
2016-08-04 08:36:00,2016-08-04 08:36:00,2016-08-04,08:36,2016-08-04 15:36:00,80.6,51.3,36,29.86,SE,,0.0,0.0,286.57,7059,0.0,0.0
2016-08-04 08:30:00,2016-08-04 08:30:00,2016-08-04,08:30,2016-08-04 15:30:00,79.5,51.8,38,29.86,East,,0.0,0.0,265.22,6695,0.0,0.0
2016-08-04 08:25:00,2016-08-04 08:25:00,2016-08-04,08:25,2016-08-04 15:25:00,78.4,52.9,41,29.86,East,,0.0,0.0,256.57,6195,0.0,0.0
2016-08-04 08:20:00,2016-08-04 08:20:00,2016-08-04,08:20,2016-08-04 15:20:00,77.4,51.8,41,29.86,East,,0.0,0.0,245.08,6218,0.0,0.0
2016-08-04 08:15:00,2016-08-04 08:15:00,2016-08-04,08:15,2016-08-04 15:15:00,76.3,55.8,49,29.86,ESE,,0.0,0.0,235.61,5059,0.0,0.0
2016-08-04 08:10:00,2016-08-04 08:10:00,2016-08-04,08:10,2016-08-04 15:10:00,75.9,57.0,52,29.86,East,,0.0,0.0,155.07,4695,0.0,0.0
2016-08-04 08:05:00,2016-08-04 08:05:00,2016-08-04,08:05,2016-08-04 15:05:00,75.6,57.2,53,29.85,East,,0.0,0.0,99.57,4582,0.0,0.0
2016-08-04 08:00:00,2016-08-04 08:00:00,2016-08-04,08:00,2016-08-04 15:00:00,75.2,57.4,54,29.86,ESE,,0.0,0.0,164.26,4445,0.0,0.0
2016-08-04 07:55:00,2016-08-04 07:55:00,2016-08-04,07:55,2016-08-04 14:55:00,75.0,57.4,54,29.85,ESE,,0.0,0.0,150.31,4400,0.0,0.0
2016-08-04 07:50:00,2016-08-04 07:50:00,2016-08-04,07:50,2016-08-04 14:50:00,74.7,57.0,54,29.86,East,,0.0,0.0,94.4,4423,0.0,0.0
2016-08-04 07:45:00,2016-08-04 07:45:00,2016-08-04,07:45,2016-08-04 14:45:00,74.3,57.6,56,29.86,East,,0.0,0.0,177.24,4195,0.0,0.0
2016-08-04 07:40:00,2016-08-04 07:40:00,2016-08-04,07:40,2016-08-04 14:40:00,74.1,58.5,58,29.86,ENE,,0.0,0.0,89.12,3945,0.0,0.0
2016-08-04 07:35:00,2016-08-04 07:35:00,2016-08-04,07:35,2016-08-04 14:35:00,73.9,58.8,59,29.86,East,,0.0,0.0,64.32,3832,0.0,0.0
2016-08-04 07:30:00,2016-08-04 07:30:00,2016-08-04,07:30,2016-08-04 14:30:00,73.9,56.8,55,29.85,East,,0.0,0.0,56.46,4286,0.0,0.0
2016-08-04 07:25:00,2016-08-04 07:25:00,2016-08-04,07:25,2016-08-04 14:25:00,74.1,58.5,58,29.85,ESE,,0.0,0.0,51.99,3945,0.0,0.0
2016-08-04 07:20:00,2016-08-04 07:20:00,2016-08-04,07:20,2016-08-04 14:20:00,74.1,58.5,58,29.85,East,,0.0,0.0,49.51,3945,0.0,0.0
2016-08-04 07:14:00,2016-08-04 07:14:00,2016-08-04,07:14,2016-08-04 14:14:00,74.3,58.6,58,29.85,East,,0.0,0.0,45.78,3968,0.0,0.0
2016-08-04 07:09:00,2016-08-04 07:09:00,2016-08-04,07:09,2016-08-04 14:09:00,74.5,58.3,57,29.85,East,,0.0,0.0,42.92,4082,0.0,0.0
2016-08-04 07:04:00,2016-08-04 07:04:00,2016-08-04,07:04,2016-08-04 14:04:00,74.5,57.7,56,29.85,ENE,,0.0,0.0,41.01,4218,0.0,0.0
2016-08-04 06:59:00,2016-08-04 06:59:00,2016-08-04,06:59,2016-08-04 13:59:00,74.5,56.8,54,29.85,East,,0.0,0.0,37.92,4423,0.0,0.0
2016-08-04 06:54:00,2016-08-04 06:54:00,2016-08-04,06:54,2016-08-04 13:54:00,74.5,57.4,55,29.85,SE,,0.0,0.0,35.23,4286,0.0,0.0
2016-08-04 06:49:00,2016-08-04 06:49:00,2016-08-04,06:49,2016-08-04 13:49:00,74.7,57.0,54,29.85,SSW,,0.0,0.0,31.41,4423,0.0,0.0
2016-08-04 06:44:00,2016-08-04 06:44:00,2016-08-04,06:44,2016-08-04 13:44:00,74.7,57.9,56,29.84,SE,,0.0,0.0,27.98,4218,0.0,0.0
2016-08-04 06:39:00,2016-08-04 06:39:00,2016-08-04,06:39,2016-08-04 13:39:00,74.8,58.1,56,29.84,SE,,0.0,0.0,23.69,4195,0.0,0.0
2016-08-04 06:34:00,2016-08-04 06:34:00,2016-08-04,06:34,2016-08-04 13:34:00,75.0,58.3,56,29.84,SE,,0.0,0.0,19.3,4195,0.0,0.0
2016-08-04 06:22:00,2016-08-04 06:22:00,2016-08-04,06:22,2016-08-04 13:22:00,75.4,57.6,54,29.85,ESE,,0.0,0.0,4.98,4445,0.0,0.0
2016-08-04 06:17:00,2016-08-04 06:17:00,2016-08-04,06:17,2016-08-04 13:17:00,75.6,57.2,53,29.84,ESE,,0.0,0.0,2.22,4582,0.0,0.0
2016-08-04 06:12:00,2016-08-04 06:12:00,2016-08-04,06:12,2016-08-04 13:12:00,75.6,55.8,50,29.83,ESE,,0.0,0.0,0.0,4900,0.0,0.0
2016-08-04 06:07:00,2016-08-04 06:07:00,2016-08-04,06:07,2016-08-04 13:07:00,75.7,56.3,51,29.84,East,,0.0,0.0,0.0,4809,0.0,0.0
2016-08-04 06:02:00,2016-08-04 06:02:00,2016-08-04,06:02,2016-08-04 13:02:00,75.7,56.8,52,29.84,SE,135.0,0.4,2.5,0.0,4695,0.0,0.0
2016-08-04 05:57:00,2016-08-04 05:57:00,2016-08-04,05:57,2016-08-04 12:57:00,75.7,56.3,51,29.83,SE,,0.0,0.0,0.0,4809,0.0,0.0
2016-08-04 05:52:00,2016-08-04 05:52:00,2016-08-04,05:52,2016-08-04 12:52:00,75.7,56.8,52,29.83,East,,0.0,0.0,0.0,4695,0.0,0.0
2016-08-04 05:47:00,2016-08-04 05:47:00,2016-08-04,05:47,2016-08-04 12:47:00,75.7,56.3,51,29.83,ENE,,0.0,0.0,0.0,4809,0.0,0.0
2016-08-04 05:42:00,2016-08-04 05:42:00,2016-08-04,05:42,2016-08-04 12:42:00,75.7,56.3,51,29.83,East,,0.0,0.0,0.0,4809,0.0,0.0
2016-08-04 05:37:00,2016-08-04 05:37:00,2016-08-04,05:37,2016-08-04 12:37:00,75.7,54.1,47,29.83,WNW,292.5,0.9,2.5,0.0,5309,0.0,0.0
2016-08-04 05:32:00,2016-08-04 05:32:00,2016-08-04,05:32,2016-08-04 12:32:00,75.7,56.3,51,29.82,East,,0.0,0.0,0.0,4809,0.0,0.0
2016-08-04 05:26:00,2016-08-04 05:26:00,2016-08-04,05:26,2016-08-04 12:26:00,75.7,55.2,49,29.83,NE,,0.0,0.0,0.0,5059,0.0,0.0
2016-08-04 05:21:00,2016-08-04 05:21:00,2016-08-04,05:21,2016-08-04 12:21:00,75.9,55.9,50,29.83,SE,,0.0,0.0,0.0,4945,0.0,0.0
2016-08-04 05:16:00,2016-08-04 05:16:00,2016-08-04,05:16,2016-08-04 12:16:00,76.3,56.8,51,29.82,SW,,0.0,0.0,0.0,4832,0.0,0.0
2016-08-04 05:11:00,2016-08-04 05:11:00,2016-08-04,05:11,2016-08-04 12:11:00,76.5,57.0,51,29.82,East,,0.0,0.0,0.0,4832,0.0,0.0
2016-08-04 05:06:00,2016-08-04 05:06:00,2016-08-04,05:06,2016-08-04 12:06:00,76.8,57.4,51,29.82,East,,0.0,0.0,0.0,4809,0.0,0.0
2016-08-04 05:01:00,2016-08-04 05:01:00,2016-08-04,05:01,2016-08-04 12:01:00,77.2,57.7,51,29.83,East,,0.0,0.0,0.0,4832,0.0,0.0
2016-08-04 04:56:00,2016-08-04 04:56:00,2016-08-04,04:56,2016-08-04 11:56:00,77.5,57.6,50,29.83,ESE,,0.0,0.0,0.0,4923,0.0,0.0
2016-08-04 04:51:00,2016-08-04 04:51:00,2016-08-04,04:51,2016-08-04 11:51:00,77.5,57.0,49,29.82,ESE,,0.0,0.0,0.0,5059,0.0,0.0
2016-08-04 04:46:00,2016-08-04 04:46:00,2016-08-04,04:46,2016-08-04 11:46:00,77.7,55.9,47,29.82,ESE,,0.0,0.0,0.0,5355,0.0,0.0
2016-08-04 04:41:00,2016-08-04 04:41:00,2016-08-04,04:41,2016-08-04 11:41:00,77.9,53.6,43,29.82,East,,0.0,0.0,0.0,5923,0.0,0.0
2016-08-04 04:36:00,2016-08-04 04:36:00,2016-08-04,04:36,2016-08-04 11:36:00,77.9,53.6,43,29.82,ENE,,0.0,0.0,0.0,5923,0.0,0.0
2016-08-04 04:31:00,2016-08-04 04:31:00,2016-08-04,04:31,2016-08-04 11:31:00,77.7,53.4,43,29.82,NNW,337.5,1.8,2.5,0.0,5923,0.0,0.0
2016-08-04 04:26:00,2016-08-04 04:26:00,2016-08-04,04:26,2016-08-04 11:26:00,77.7,52.9,42,29.82,NNE,22.5,2.9,4.9,0.0,6036,0.0,0.0
2016-08-04 04:21:00,2016-08-04 04:21:00,2016-08-04,04:21,2016-08-04 11:21:00,77.5,52.7,42,29.82,North,0.0,0.2,2.5,0.0,6036,0.0,0.0
2016-08-04 04:16:00,2016-08-04 04:16:00,2016-08-04,04:16,2016-08-04 11:16:00,77.5,52.0,41,29.82,NNW,337.5,2.0,2.5,0.0,6195,0.0,0.0
2016-08-04 04:10:00,2016-08-04 04:10:00,2016-08-04,04:10,2016-08-04 11:10:00,77.5,52.0,41,29.82,NNE,22.5,1.8,2.5,0.0,6195,0.0,0.0
2016-08-04 04:05:00,2016-08-04 04:05:00,2016-08-04,04:05,2016-08-04 11:05:00,77.5,52.0,41,29.82,North,0.0,2.0,2.5,0.0,6195,0.0,0.0
2016-08-04 04:00:00,2016-08-04 04:00:00,2016-08-04,04:00,2016-08-04 11:00:00,77.5,51.4,40,29.81,NE,,0.0,0.0,0.0,6332,0.0,0.0
2016-08-04 03:55:00,2016-08-04 03:55:00,2016-08-04,03:55,2016-08-04 10:55:00,77.5,52.0,41,29.82,ENE,,0.0,0.0,0.0,6195,0.0,0.0
2016-08-04 03:50:00,2016-08-04 03:50:00,2016-08-04,03:50,2016-08-04 10:50:00,77.5,52.0,41,29.81,ENE,,0.0,0.0,0.0,6195,0.0,0.0
2016-08-04 03:45:00,2016-08-04 03:45:00,2016-08-04,03:45,2016-08-04 10:45:00,77.5,50.0,38,29.81,North,0.0,0.9,2.5,0.0,6650,0.0,0.0
2016-08-04 03:40:00,2016-08-04 03:40:00,2016-08-04,03:40,2016-08-04 10:40:00,77.4,50.5,39,29.82,North,0.0,0.4,2.5,0.0,6514,0.0,0.0
2016-08-04 03:35:00,2016-08-04 03:35:00,2016-08-04,03:35,2016-08-04 10:35:00,77.2,50.4,39,29.82,NNE,,0.0,0.0,0.0,6491,0.0,0.0
2016-08-04 03:30:00,2016-08-04 03:30:00,2016-08-04,03:30,2016-08-04 10:30:00,77.2,50.4,39,29.82,NE,,0.0,0.0,0.0,6491,0.0,0.0
2016-08-04 03:25:00,2016-08-04 03:25:00,2016-08-04,03:25,2016-08-04 10:25:00,77.2,50.4,39,29.82,ENE,,0.0,0.0,0.0,6491,0.0,0.0
2016-08-04 03:20:00,2016-08-04 03:20:00,2016-08-04,03:20,2016-08-04 10:20:00,77.2,51.1,40,29.82,NE,,0.0,0.0,0.0,6332,0.0,0.0
2016-08-04 03:19:00,2016-08-04 03:19:00,2016-08-04,03:19,2016-08-04 10:19:00,77.2,51.1,40,29.82,ENE,,0.0,0.0,0.0,6332,0.0,0.0
2016-08-04 03:14:00,2016-08-04 03:14:00,2016-08-04,03:14,2016-08-04 10:14:00,77.2,51.1,40,29.82,SSE,,0.0,0.0,0.0,6332,0.0,0.0
2016-08-04 03:09:00,2016-08-04 03:09:00,2016-08-04,03:09,2016-08-04 10:09:00,77.0,50.2,39,29.82,NNW,,0.0,0.0,0.0,6491,0.0,0.0
2016-08-04 03:04:00,2016-08-04 03:04:00,2016-08-04,03:04,2016-08-04 10:04:00,76.8,50.7,40,29.81,ENE,,0.0,0.0,0.0,6332,0.0,0.0
2016-08-04 02:58:00,2016-08-04 02:58:00,2016-08-04,02:58,2016-08-04 09:58:00,76.8,50.0,39,29.81,NE,,0.0,0.0,0.0,6491,0.0,0.0
2016-08-04 02:53:00,2016-08-04 02:53:00,2016-08-04,02:53,2016-08-04 09:53:00,76.8,50.0,39,29.82,ENE,,0.0,0.0,0.0,6491,0.0,0.0
2016-08-04 02:48:00,2016-08-04 02:48:00,2016-08-04,02:48,2016-08-04 09:48:00,76.6,50.5,40,29.82,NE,,0.0,0.0,0.0,6332,0.0,0.0
2016-08-04 02:43:00,2016-08-04 02:43:00,2016-08-04,02:43,2016-08-04 09:43:00,76.5,50.4,40,29.82,NNE,,0.0,0.0,0.0,6332,0.0,0.0
2016-08-04 02:38:00,2016-08-04 02:38:00,2016-08-04,02:38,2016-08-04 09:38:00,76.5,50.4,40,29.82,ENE,,0.0,0.0,0.0,6332,0.0,0.0
2016-08-04 02:33:00,2016-08-04 02:33:00,2016-08-04,02:33,2016-08-04 09:33:00,76.3,48.9,38,29.82,NE,,0.0,0.0,0.0,6627,0.0,0.0
2016-08-04 02:28:00,2016-08-04 02:28:00,2016-08-04,02:28,2016-08-04 09:28:00,76.1,49.5,39,29.82,ENE,,0.0,0.0,0.0,6445,0.0,0.0
2016-08-04 02:23:00,2016-08-04 02:23:00,2016-08-04,02:23,2016-08-04 09:23:00,76.1,48.7,38,29.81,NNE,,0.0,0.0,0.0,6627,0.0,0.0
2016-08-04 02:18:00,2016-08-04 02:18:00,2016-08-04,02:18,2016-08-04 09:18:00,76.3,52.2,43,29.82,East,,0.0,0.0,0.0,5877,0.0,0.0
2016-08-04 02:13:00,2016-08-04 02:13:00,2016-08-04,02:13,2016-08-04 09:13:00,76.8,52.0,42,29.82,East,,0.0,0.0,0.0,6036,0.0,0.0
2016-08-04 02:08:00,2016-08-04 02:08:00,2016-08-04,02:08,2016-08-04 09:08:00,77.4,52.5,42,29.82,East,,0.0,0.0,0.0,6059,0.0,0.0
2016-08-04 02:03:00,2016-08-04 02:03:00,2016-08-04,02:03,2016-08-04 09:03:00,77.7,52.2,41,29.82,East,,0.0,0.0,0.0,6195,0.0,0.0
2016-08-04 01:58:00,2016-08-04 01:58:00,2016-08-04,01:58,2016-08-04 08:58:00,78.3,52.0,40,29.81,ENE,,0.0,0.0,0.0,6377,0.0,0.0
2016-08-04 01:53:00,2016-08-04 01:53:00,2016-08-04,01:53,2016-08-04 08:53:00,78.6,50.9,38,29.82,ENE,,0.0,0.0,0.0,6695,0.0,0.0
2016-08-04 01:42:00,2016-08-04 01:42:00,2016-08-04,01:42,2016-08-04 08:42:00,79.2,48.4,34,29.82,North,,0.0,0.0,0.0,7400,0.0,0.0
2016-08-04 01:32:00,2016-08-04 01:32:00,2016-08-04,01:32,2016-08-04 08:32:00,79.3,49.5,35,29.82,West,,0.0,0.0,0.0,7173,0.0,0.0
2016-08-04 01:27:00,2016-08-04 01:27:00,2016-08-04,01:27,2016-08-04 08:27:00,79.3,47.8,33,29.81,NNE,22.5,0.4,2.5,0.0,7559,0.0,0.0
2016-08-04 01:22:00,2016-08-04 01:22:00,2016-08-04,01:22,2016-08-04 08:22:00,79.2,46.8,32,29.82,NNE,22.5,0.2,2.5,0.0,7764,0.0,0.0
2016-08-04 01:17:00,2016-08-04 01:17:00,2016-08-04,01:17,2016-08-04 08:17:00,79.2,47.7,33,29.82,North,0.0,2.0,2.5,0.0,7559,0.0,0.0
2016-08-04 01:12:00,2016-08-04 01:12:00,2016-08-04,01:12,2016-08-04 08:12:00,79.0,48.2,34,29.81,North,0.0,0.4,2.5,0.0,7400,0.0,0.0
2016-08-04 01:07:00,2016-08-04 01:07:00,2016-08-04,01:07,2016-08-04 08:07:00,79.0,50.5,37,29.82,North,0.0,3.4,4.9,0.0,6877,0.0,0.0
2016-08-04 01:02:00,2016-08-04 01:02:00,2016-08-04,01:02,2016-08-04 08:02:00,79.2,52.9,40,29.82,North,,0.0,0.0,0.0,6377,0.0,0.0
2016-08-04 00:57:00,2016-08-04 00:57:00,2016-08-04,00:57,2016-08-04 07:57:00,79.3,51.6,38,29.81,North,0.0,2.0,2.5,0.0,6695,0.0,0.0
2016-08-04 00:52:00,2016-08-04 00:52:00,2016-08-04,00:52,2016-08-04 07:52:00,79.5,52.5,39,29.81,North,0.0,1.3,2.5,0.0,6536,0.0,0.0
2016-08-04 00:47:00,2016-08-04 00:47:00,2016-08-04,00:47,2016-08-04 07:47:00,79.9,53.4,40,29.82,NE,,0.0,0.0,0.0,6423,0.0,0.0
2016-08-04 00:42:00,2016-08-04 00:42:00,2016-08-04,00:42,2016-08-04 07:42:00,80.4,54.0,40,29.82,ENE,,0.0,0.0,0.0,6400,0.0,0.0
2016-08-04 00:37:00,2016-08-04 00:37:00,2016-08-04,00:37,2016-08-04 07:37:00,80.8,54.9,41,29.82,NNW,337.5,2.0,2.5,0.0,6286,0.0,0.0
2016-08-04 00:32:00,2016-08-04 00:32:00,2016-08-04,00:32,2016-08-04 07:32:00,81.3,55.4,41,29.82,North,0.0,0.2,2.5,0.0,6286,0.0,0.0
2016-08-04 00:21:00,2016-08-04 00:21:00,2016-08-04,00:21,2016-08-04 07:21:00,82.0,51.8,35,29.82,NNW,,0.0,0.0,0.0,7264,0.0,0.0
2016-08-04 00:16:00,2016-08-04 00:16:00,2016-08-04,00:16,2016-08-04 07:16:00,82.0,51.8,35,29.82,NW,315.0,0.4,2.5,0.0,7264,0.0,0.0
2016-08-04 00:11:00,2016-08-04 00:11:00,2016-08-04,00:11,2016-08-04 07:11:00,82.0,51.8,35,29.82,North,0.0,1.8,4.9,0.0,7264,0.0,0.0
2016-08-04 00:06:00,2016-08-04 00:06:00,2016-08-04,00:06,2016-08-04 07:06:00,82.0,50.9,34,29.82,North,0.0,0.9,2.5,0.0,7468,0.0,0.0
2016-08-04 00:01:00,2016-08-04 00:01:00,2016-08-04,00:01,2016-08-04 07:01:00,81.9,50.7,34,29.82,North,,0.0,0.0,0.0,7491,0.0,0.0
2016-08-03 23:56:00,2016-08-03 23:56:00,2016-08-03,23:56,2016-08-04 06:56:00,81.9,50.7,34,29.82,North,,0.0,0.0,0.0,7491,0.0,0.0
2016-08-03 23:51:00,2016-08-03 23:51:00,2016-08-03,23:51,2016-08-04 06:51:00,81.7,52.2,36,29.82,North,,0.0,0.0,0.0,7105,0.0,0.0
2016-08-03 23:46:00,2016-08-03 23:46:00,2016-08-03,23:46,2016-08-04 06:46:00,81.7,54.3,39,29.82,ENE,,0.0,0.0,0.0,6627,0.0,0.0
2016-08-03 23:41:00,2016-08-03 23:41:00,2016-08-03,23:41,2016-08-04 06:41:00,81.7,53.6,38,29.82,ESE,,0.0,0.0,0.0,6786,0.0,0.0
2016-08-03 23:36:00,2016-08-03 23:36:00,2016-08-03,23:36,2016-08-04 06:36:00,81.5,53.6,38,29.82,East,,0.0,0.0,0.0,6741,0.0,0.0
2016-08-03 23:31:00,2016-08-03 23:31:00,2016-08-03,23:31,2016-08-04 06:31:00,81.5,52.7,37,29.82,ENE,,0.0,0.0,0.0,6945,0.0,0.0
2016-08-03 23:26:00,2016-08-03 23:26:00,2016-08-03,23:26,2016-08-04 06:26:00,81.3,54.7,40,29.82,NNW,337.5,0.2,2.5,0.0,6445,0.0,0.0
2016-08-03 23:21:00,2016-08-03 23:21:00,2016-08-03,23:21,2016-08-04 06:21:00,81.3,54.7,40,29.82,NW,315.0,1.1,2.5,0.0,6445,0.0,0.0
2016-08-03 23:16:00,2016-08-03 23:16:00,2016-08-03,23:16,2016-08-04 06:16:00,81.5,55.6,41,29.82,NW,,0.0,0.0,0.0,6286,0.0,0.0
2016-08-03 23:11:00,2016-08-03 23:11:00,2016-08-03,23:11,2016-08-04 06:11:00,81.5,55.6,41,29.82,ENE,,0.0,0.0,0.0,6286,0.0,0.0
2016-08-03 23:00:00,2016-08-03 23:00:00,2016-08-03,23:00,2016-08-04 06:00:00,81.7,55.0,40,29.82,ESE,,0.0,0.0,0.0,6468,0.0,0.0
2016-08-03 22:50:00,2016-08-03 22:50:00,2016-08-03,22:50,2016-08-04 05:50:00,82.2,54.1,38,29.82,ENE,,0.0,0.0,0.0,6786,0.0,0.0
2016-08-03 22:45:00,2016-08-03 22:45:00,2016-08-03,22:45,2016-08-04 05:45:00,82.6,54.5,38,29.82,WSW,,0.0,0.0,0.0,6786,0.0,0.0
2016-08-03 22:40:00,2016-08-03 22:40:00,2016-08-03,22:40,2016-08-04 05:40:00,83.1,54.9,38,29.82,SE,,0.0,0.0,0.0,6809,0.0,0.0
2016-08-03 22:35:00,2016-08-03 22:35:00,2016-08-03,22:35,2016-08-04 05:35:00,83.7,53.2,35,29.82,SE,,0.0,0.0,0.0,7332,0.0,0.0
2016-08-03 22:30:00,2016-08-03 22:30:00,2016-08-03,22:30,2016-08-04 05:30:00,84.2,52.9,34,29.82,ENE,,0.0,0.0,0.0,7514,0.0,0.0
2016-08-03 22:25:00,2016-08-03 22:25:00,2016-08-03,22:25,2016-08-04 05:25:00,84.7,52.5,33,29.82,East,,0.0,0.0,0.0,7718,0.0,0.0
2016-08-03 22:20:00,2016-08-03 22:20:00,2016-08-03,22:20,2016-08-04 05:20:00,85.3,52.2,32,29.81,SE,,0.0,0.0,0.0,7923,0.0,0.0
2016-08-03 22:14:00,2016-08-03 22:14:00,2016-08-03,22:14,2016-08-04 05:14:00,85.6,52.5,32,29.82,NW,,0.0,0.0,0.0,7923,0.0,0.0
2016-08-03 22:09:00,2016-08-03 22:09:00,2016-08-03,22:09,2016-08-04 05:09:00,86.2,52.9,32,29.82,ESE,,0.0,0.0,0.0,7968,0.0,0.0
2016-08-03 22:04:00,2016-08-03 22:04:00,2016-08-03,22:04,2016-08-04 05:04:00,86.7,52.5,31,29.81,SE,,0.0,0.0,0.0,8173,0.0,0.0
2016-08-03 21:59:00,2016-08-03 21:59:00,2016-08-03,21:59,2016-08-04 04:59:00,87.1,52.9,31,29.81,East,,0.0,0.0,0.0,8173,0.0,0.0
2016-08-03 21:54:00,2016-08-03 21:54:00,2016-08-03,21:54,2016-08-04 04:54:00,87.6,50.5,28,29.81,ESE,,0.0,0.0,0.0,8832,0.0,0.0
2016-08-03 21:49:00,2016-08-03 21:49:00,2016-08-03,21:49,2016-08-04 04:49:00,88.0,49.8,27,29.81,ENE,,0.0,0.0,0.0,9082,0.0,0.0
2016-08-03 21:44:00,2016-08-03 21:44:00,2016-08-03,21:44,2016-08-04 04:44:00,88.5,49.3,26,29.81,ENE,,0.0,0.0,0.0,9309,0.0,0.0
2016-08-03 21:39:00,2016-08-03 21:39:00,2016-08-03,21:39,2016-08-04 04:39:00,88.7,48.4,25,29.81,ENE,,0.0,0.0,0.0,9559,0.0,0.0
2016-08-03 21:34:00,2016-08-03 21:34:00,2016-08-03,21:34,2016-08-04 04:34:00,89.1,46.6,23,29.81,NNE,22.5,2.5,4.9,0.0,10059,0.0,0.0
2016-08-03 21:29:00,2016-08-03 21:29:00,2016-08-03,21:29,2016-08-04 04:29:00,89.1,45.3,22,29.81,East,,0.0,0.0,0.0,10355,0.0,0.0
2016-08-03 21:24:00,2016-08-03 21:24:00,2016-08-03,21:24,2016-08-04 04:24:00,89.2,45.5,22,29.8,ENE,,0.0,0.0,0.0,10332,0.0,0.0
2016-08-03 21:19:00,2016-08-03 21:19:00,2016-08-03,21:19,2016-08-04 04:19:00,89.2,44.2,21,29.8,ESE,,0.0,0.0,0.0,10627,0.0,0.0
2016-08-03 21:14:00,2016-08-03 21:14:00,2016-08-03,21:14,2016-08-04 04:14:00,89.4,48.0,24,29.8,North,0.0,0.4,2.5,0.0,9809,0.0,0.0
2016-08-03 21:09:00,2016-08-03 21:09:00,2016-08-03,21:09,2016-08-04 04:09:00,89.6,46.9,23,29.8,ENE,,0.0,0.0,0.0,10105,0.0,0.0
2016-08-03 21:04:00,2016-08-03 21:04:00,2016-08-03,21:04,2016-08-04 04:04:00,89.8,48.2,24,29.8,North,,0.0,0.0,0.0,9855,0.0,0.0
2016-08-03 20:58:00,2016-08-03 20:58:00,2016-08-03,20:58,2016-08-04 03:58:00,90.0,48.4,24,29.79,NE,45.0,0.4,2.5,0.0,9855,0.0,0.0
2016-08-03 20:48:00,2016-08-03 20:48:00,2016-08-03,20:48,2016-08-04 03:48:00,90.7,51.1,26,29.79,ENE,,0.0,0.0,0.0,9400,0.0,0.0
2016-08-03 20:43:00,2016-08-03 20:43:00,2016-08-03,20:43,2016-08-04 03:43:00,91.0,48.2,23,29.79,NE,,0.0,0.0,0.0,10127,0.0,0.0
2016-08-03 20:38:00,2016-08-03 20:38:00,2016-08-03,20:38,2016-08-04 03:38:00,91.4,47.3,22,29.79,NE,,0.0,0.0,0.0,10423,0.0,0.0
2016-08-03 20:33:00,2016-08-03 20:33:00,2016-08-03,20:33,2016-08-04 03:33:00,91.6,47.5,22,29.79,NE,,0.0,0.0,0.0,10423,0.0,0.0
2016-08-03 20:28:00,2016-08-03 20:28:00,2016-08-03,20:28,2016-08-04 03:28:00,91.9,47.7,22,29.78,NNE,,0.0,0.0,0.0,10445,0.0,0.0
2016-08-03 20:23:00,2016-08-03 20:23:00,2016-08-03,20:23,2016-08-04 03:23:00,92.5,49.5,23,29.79,NE,,0.0,0.0,0.0,10173,0.0,0.0
2016-08-03 20:12:00,2016-08-03 20:12:00,2016-08-03,20:12,2016-08-04 03:12:00,93.4,51.3,24,29.78,NNE,22.5,0.2,2.5,0.0,9968,0.0,0.0
2016-08-03 20:07:00,2016-08-03 20:07:00,2016-08-03,20:07,2016-08-04 03:07:00,93.9,50.5,23,29.78,North,,0.0,0.0,0.0,10264,0.0,0.0
